1,1,16,32599.2205382454,20674.0835669939,21876.587962963,24127.1587500001,2e-04,0,2e-04
1,2,16,219.089604610586,160.958773148157,164.848958333333,152.626543209876,0,0,0
1,3,16,40011.059044994,16474.8782685955,24276.7812500001,19552.4908333333,5e-04,2e-04,2e-04
1,4,16,36511.8727083842,2118.81619945174,1991.25240384615,1739.99459134615,0,0,0
1,5,16,63656820.2169703,138464.678773394,159057.411835749,118926.073043478,0.9167,0,0.9167
1,6,16,28701.0977639818,12841.1565290295,11716.7634782608,10267.5013043478,0,0,0
1,7,16,9641969.85766361,2825.96947547719,1397.19565217391,1332.10312612289,0.8435,0,0
1,8,16,1334.83589018117,677.532884251786,510.969907407409,526.093106995886,1e-04,3e-04,4e-04
1,9,16,1479.38150693421,33.4757580185343,47.5407407407406,39.6006944444444,0.9736,0,0
1,10,16,22200.957133936,26701.8731285168,14355.4594907407,10367.9720833334,0,0,2e-04
1,11,16,226930.288448096,175477.77523268,165624.165555554,186577.1524,0,0,0
1,13,16,492.004486392886,141.884933280539,144.236666666667,150.629557291667,1e-04,2e-04,4e-04
1,14,16,1432.89676923326,449.280421349395,323.279100529102,306.330972058244,8e-04,2e-04,2e-04
1,15,16,146982.185017878,19796.8382018657,13796.1381818181,13703.7081141999,0.8413,0,0
1,18,16,20406.3277832204,7276.7742864669,7427.36833333332,7038.41975308643,0,0,0
1,19,16,62623.6682457981,69109.9148623197,68297.198095238,68852.6623809522,0.917,0,0
1,20,16,68877.611936157,872.314340808231,941.782407407416,939.311294765834,0.8392,0,0
1,21,16,288.031867645948,256.426624329334,245.552631578947,253.430000000001,0,0,0
1,23,16,7539.38137937041,2667.62075613635,2151.59208333337,2112.75447658403,0,0,0
1,24,16,144226.391248866,23551.0541726914,19572.5439814816,14661.0756172841,0.9563,0,0
1,26,16,17788.1862773748,1228.20514234636,1404.92614188533,1462.54663518299,0,0,0
1,27,16,284294.153790193,19754.982188553,22419.763888889,22400.1748971195,0.9606,0,0
1,29,16,11388.004445234,5660.87182239682,5356.91414141415,7078.38045454542,0,0,0
1,30,16,4472.66474879367,2028.86539688662,1534.312,1403.76429752067,1e-04,4e-04,1e-04
1,31,16,1055.97015438629,143.464802756921,148.43203125,144.243388429753,0,0,0
1,32,16,12117.5175471423,11809.3023986009,4524.76444444442,4253.24519999996,0.9989,0.9974,0
1,33,16,1238.58358207102,744.822999111293,695.018464528671,599.923652105467,0,0,0
1,34,16,743411.916521094,NA,210163.49125,210162.432592589,0.6474,NA,0
1,35,16,34838.3781233531,7677.13929268096,5216.87560386479,4062.58102766796,0,0,0
1,36,16,2669.65093920911,520.940608282152,435.048245614036,504.986315789473,0,0,0
1,39,16,166947.173181982,142800.84586995,138225.335978836,133601.79,0.9175,0,0
1,40,16,5105.1812668369,2052.39281064249,2083.30972222222,1892.529,0,0,0
1,41,16,92909.1328916202,28506.999338766,37638.5533333335,32951.1051999998,0,0,0
1,42,16,502.766395164637,175.96875,348.0625,273.381944444445,0.072,0.1306,0.2082
1,43,16,753.583018323792,564.219887016317,522.616883116886,498.266716754321,0,0,0
1,45,16,1465.09053609229,339.065784181073,237.451388888888,305.495999999999,0,0,0
1,46,16,27345.8243777979,24654.1415725884,22265.8796296296,24513.9300411522,0,0,0
1,48,16,4853.74226784802,281.269324557873,202.543323863636,219.418636363635,0.9165,0,0
1,49,16,19.233830426463,19.3369237395494,20.285,21.0385802469135,0,0,0
1,50,16,0.318677978767998,0.293666666666664,0.275,0.270370370370371,0.2979,0.644,0.7247
1,51,16,389060.895008349,82866.8947642867,69313.6048,65776.849382716,0,0,0
1,52,16,54786.0732634055,5117.90279704971,5234.28000000003,8093.06419753089,0,0,0
1,53,16,4202.07247862031,3773.72392137975,3834.4290909091,3635.69158527423,0,6e-04,2e-04
1,54,16,192614.726733957,3323.6596844463,4771.36461538459,5681.01092117763,0.9587,0,0
1,55,16,648.089873669652,153.678355069839,161.596354166667,126.651234567901,0,0,0
2,1,16,123822.723219157,88735.2565018453,87991.6446759258,99622.2354166666,3e-04,7e-04,8e-04
2,2,16,1314.50225032371,151.698091316256,180.65162037037,185.742283950617,0,0,0
2,3,16,81857.2780608039,55275.9503789818,83423.8854166666,77570.4429166667,3e-04,4e-04,5e-04
2,4,16,19594.5531087799,9978.22502608905,9716.35576923077,8271.19651442308,0,0,0
2,5,16,600497.326427839,582608.72006132,910381.600543478,488948.38695652,0,0,0
2,7,16,38078045.6491939,13422.7220060219,4990.95521739131,4602.05461731943,0.8353,0,0
2,9,16,240.996129673334,248.952055425412,175.597222222222,122.107638888889,0,0,0.9803
2,10,16,257969.54193625,NA,79824.2245370368,49800.7308333336,0.0011,NA,0.0018
2,13,16,1305.03224507708,367.373724430793,340.705,331.287760416667,1e-04,3e-04,1e-04
2,14,16,6671.50989886257,1306.26472964852,1052.65500485909,979.225895316803,6e-04,8e-04,7e-04
2,15,16,1589599.09523853,89728.4291110703,50246.6711647727,53213.8054094663,0.845,0.001,3e-04
2,17,16,90234.4348793917,25530.7594826122,27389.380952381,24957.0515545061,0.0015,0.0011,9e-04
2,18,16,33797.9734138527,20523.6796857475,16259.1133333333,14727.3235596708,0,0,0
2,20,16,8416.6612869643,2465.12426648768,1858.84765625,2162.47038567491,0,0,0
2,21,16,718.181375177112,792.280271163647,793.180098684211,804.261052631579,0,0,0
2,22,16,229220.770176176,5801.81597926219,4428.06114130435,3832.71254042404,0.8521,0,0
2,23,16,33449.4121073125,15364.213742718,14506.3430989583,10805.6663223141,0,0,0
2,25,16,82702.1340756222,6898.60000000004,9569.52640000002,8694.86040000003,0.9132,0,0
2,26,16,12993.3620379672,5668.39146724752,5595.58211856171,5365.81424635972,0,0,1e-04
2,27,16,76226.7095772444,35674.447866789,45908.4088541667,32204.5313786009,0,0,0
2,29,16,18642.2188644525,6937.43505063764,5702.40625,7719.55409090907,0,0,0
2,30,16,17468.4091936364,9026.97099194305,6918.74079999999,5349.69884297521,0.0137,0.0149,0.0138
2,31,16,1887.25569844727,529.501940477626,675.902777777778,617.04917355372,0,0,0
2,33,16,2870.8181116866,2058.62148273436,1945.10095238095,1529.45336481701,0,0,0
2,34,16,1910904.95310658,565743.839999985,223461.762222219,217126.991604936,0.8838,0,0
2,35,16,341717.564674282,29518.0139755097,15363.4427684117,16391.4193316565,0.8435,0,0
2,39,16,159381.813049753,240505.414863976,153992.367346939,143002.04,0,0,3e-04
2,40,16,7430.69941029709,4339.50832599825,5325.88055555556,4943.88800000001,1e-04,0,2e-04
2,41,16,1204831.31404581,122745.420194612,122482.016666667,117679.2708,0,0,0
2,42,16,1116.33130461833,757.078876996125,1142.40277777778,1142.40277777778,0.224,0.137,0.9901
2,43,16,2950.8717929307,1832.51026070237,1870.03196022727,1727.46356123215,0,0,0
2,44,16,41758.6225237403,10082.6993746613,11042.719375,13739.504,0.0013,0.0022,0.002
2,45,16,19626.3345131582,1352.86309246239,840.596938775509,1141.482,0,0,0
2,47,16,1271653.89768615,NA,350226.704444447,353698.910799999,2e-04,NA,4e-04
2,48,16,67202.2849599061,1125.39247135892,797.869949494951,644.487727272725,0.9215,0,0
2,50,16,0.848565462032557,0.7,0.641666666666667,0.581481481481482,0.8191,0.4991,0.858
2,53,16,9894.46847244443,8318.26005874921,7973.95454545455,7788.38580015028,3e-04,2e-04,3e-04
2,54,16,1182873.6350088,10437.5411221138,10732.2338461539,13553.3148148148,0.9572,0,0
2,55,16,1769.48926144881,463.317091487365,496.466145833333,350.177469135803,0,0,0
3,1,16,196039.433904783,206926.763885421,211854.640873016,229373.325334821,1e-04,0,0
3,2,16,1785.11386615936,495.318600543054,419.8816,395.9275,0.9999,0.9992,0.8831
3,6,16,8493929.56465566,34955.5143019731,37879.7254464286,45920.5758928571,0.9784,0.9877,0.9617
3,8,16,16195.096740645,4210.5625474392,3112.72979591837,3119.88,0.7666,0.1534,0
3,9,16,8414.67747686245,218.51681393091,401.996168582374,251.44540229885,0.9907,0.5045,0.4801
3,10,16,3026014.65464529,NA,112478.800291546,128772.770647321,0.9748,NA,0
3,11,16,480858.897407997,317713.28720783,318034.663076923,322741.670072115,0,0,0
3,13,16,938.9699860081,454.75245793646,486.224,491.874074074074,0.5905,0.5107,0.3082
3,14,16,10196.9737008427,2279.75871523356,2462.59183673469,1969.495,1e-04,0,0
3,15,16,7061691.10755213,177522.588068903,118847.132857143,153830.830915179,0.9755,0.6001,0
3,16,16,924595.469924132,217684.486528419,238300.074519231,190249.432098765,0.9564,0,0
3,17,16,158528.587336903,47487.8472809868,41853.6260683761,44117.0769230769,0.9752,0,0
3,18,16,603119.31056936,30477.6101824251,25072.7362962963,21311.0821759259,0.9751,0,0
3,19,16,198286.944981443,160950.298742768,173520.182222222,142809.623125,0.976,0,0
3,20,16,15802.3789078785,8977.1564319835,9647.45833333337,8105.60113960116,0,0,0
3,21,16,1423.20198778193,2112.79151730802,2233.82670454545,1555.04758522727,0.9881,1e-04,2e-04
3,22,16,469857.157289523,14732.8602135255,10008.123076923,8914.254985755,0.9596,0,0
3,23,16,34127.4729274587,30221.379007513,40672.033119658,26569.8304843304,0,0,0.9591
3,24,16,4329193.01565297,101845.522443874,80161.2325925922,90718.7488425926,0.9752,0.9874,0.9991
3,25,16,270470.788640179,26250.0823429867,21574.496923077,21468.5451092117,0.9617,0,0
3,26,16,23576.1439964452,11461.0083477192,11307.2622222222,9659.68923611111,0,2e-04,1e-04
3,28,16,9516.10038520551,3425.35312560512,3385.91477272727,3035.32457386364,0,0,0
3,29,16,33840.3672121472,9344.30742200505,9128.61478365385,9128.61478365385,0.9864,0.9899,0.9763
3,31,16,1195788.29126682,2008.52255434643,1500.92190476191,1341.32523809524,0.9189,0,0
3,32,16,1207209.83155543,54020.8816432345,49331.9254317113,47714.2336182337,0.8942,0.9653,5e-04
3,33,16,7518.46491027198,8887.3836173365,5471.61333333333,5149.22222222222,0,0,1e-04
3,35,16,133498.780171351,56363.8866115074,40936.5353218209,41051.8029439697,0,0,0
3,36,16,61794.0999826165,2526.04367609161,2589.728125,2347.43703703704,0,0,0
3,39,16,206172.466186809,217329.022161924,216637.233333333,220246.738125,0.9975,0.9769,0.9881
3,40,16,8893.92868577767,6999.30898706151,10222.4735449735,9715.64550264549,0.0027,0.0026,0.0025
3,41,16,767810.284272794,422859.985685638,293861.493589743,323111.303893637,0,0,0
3,42,16,2733.4781584316,2145.55747176593,3126.8458781362,3126.8458781362,0.3804,0.3378,0.9898
3,43,16,4589.35476140434,3128.86341890645,4066.91555555556,3239.6449382716,0.9994,0.984,0
3,45,16,193868.712990848,3315.2602522743,2669.81510416667,3139.83919270833,0.9735,0,0
3,47,16,2823183.97579372,NA,710270.440170942,635258.750712252,1e-04,NA,1e-04
3,48,16,5137.19114336378,1473.11275020921,1472.99879227054,1055.52871712292,0,0,0.9576
3,49,16,524.488930416219,337.79777568453,173.553333333333,186.289375,0.995,0.9623,0.0576
3,50,16,1.12521997139127,0.940062588178449,0.844827586206897,0.804597701149425,0.8709,0.6832,0.6785
3,55,16,1548.79911723504,654.71618826919,616.062222222222,604.503472222222,0,0,0.9812
4,1,16,575749.469562588,416045.32867775,425038.192592593,459617.005208333,0.9767,0.9985,0.9998
4,2,16,1679.10229683856,920.507653907914,706.981666666667,665.463541666667,0.9955,0.9984,0.7342
4,3,16,211088.068121754,222352.496194454,270532.41563786,277088.838541667,0.9759,0.9623,0
4,4,16,53861.7086192121,53795.1023951165,46291.24,37420.196875,0,0,0
4,6,16,13323184.2227507,86847.1732328835,76265.8148148148,79605.8113425926,0.9732,0.992,0.9032
4,7,16,54485.5142168107,35703.5153058889,29875.1738683128,23671.8003472222,0.9571,0.0221,0
4,8,16,13491.4760968968,5355.08932029546,4962.7812244898,4891.15875,0.7377,0.5263,0
4,9,16,33673.6756281094,385.0236742696,617.305555555554,430.299603174602,0.9913,0.7583,0.3994
4,10,16,3026890.94701899,NA,228749.521541949,262275.732060185,0,NA,0.97
4,11,16,1585140.2602537,488271.977611932,573837.905,460612.105,0.9784,0,0
4,13,16,1078.64281192097,616.615816816583,619.117592592592,619.117592592592,0.0495,0.2719,0.9893
4,14,16,12478.4116629115,3921.61818940992,4724.20454545455,3832.90227272728,0.9991,0.1836,0
4,16,16,1439540.7240129,292327.206400531,274203.8416,229179.819259259,0.961,0,0
4,19,16,384429.075107058,229939.198125894,245070.536458333,210334.589192708,0.9762,0.9333,0
4,20,16,45781.1061395535,20068.9964193985,21559.1244444445,19146.4987654322,0,0,0
4,22,16,2570027.8239518,43916.5475650285,26933.8720000001,24275.2780246913,0.956,0,0
4,23,16,64999.907300882,64233.866000974,73962.8555555552,57922.4646913582,0,0,0
4,24,16,11530218.5515481,170393.725241487,166853.627692308,176775.921875,0.9782,0.9997,0.9925
4,25,16,830474.446098445,93575.6924544335,49403.5440000001,48413.8760493827,0.9571,0,0
4,28,16,15508.2964566413,7600.36014683858,8747.52525252525,6227.05894886364,0,0,0
4,29,16,84469.0296450794,10730.3211751706,9392.36000000002,13161.773125,0.968,0.9856,0.976
4,31,16,1462602.59364291,3799.19572769908,3144.70476190476,2715.68476190476,0.9179,1e-04,0.999
4,32,16,2902603.78301325,142645.582920964,115594.453061225,108257.315061728,0.9681,0.9605,0
4,33,16,16179.7240863934,25493.7009628276,14322.4861111111,11829.4351851852,0,0,0
4,38,16,2691680.61689766,2703429.44504645,2891630.93142857,2906525.29389881,0,1,0.9329
4,39,16,283029.078339122,318268.614383994,310650.481111111,320337.214375,0.9975,0.8306,0.0179
4,40,16,13536.3358968547,12218.6441574972,16942.1164021164,15597.113462669,1,0.9997,0.9578
4,41,16,1513253.28503912,842968.329631757,587859.554444445,709114.940740741,0.9594,0,0
4,42,16,6728.51539032971,4700.19951031821,5066.34166666667,7380.49259259259,0.0145,0.0498,0.0433
4,44,16,26442.212199781,42424.0323560382,53476.9502040816,66141.6439506172,0.7521,0,1e-04
4,47,16,6398463.9862704,NA,1209413.03444445,1123371.65432099,1,NA,0.9991
4,48,16,133017.002852386,2283.14270568853,1820.46406388642,1590.83843263553,0.9564,1e-04,0
4,49,16,372.684107510571,374.487641800271,342.7296,351.934375,0.9958,5e-04,0
4,50,16,1.92858140399574,1.57142857142857,1.38392857142857,1.46428571428571,0.3895,0.3986,0.4367
4,52,16,206631.434389732,18573.4103898024,18578.0030769231,15014.1388221154,0.974,0.9968,0.9823
4,53,16,33392.4445650296,19385.0293104852,21305.3173076923,19538.0907451923,0.9995,0.9994,0.9898
4,55,16,2810.82220135079,1412.40795813224,1604.49759615385,1163.78545673077,0.9862,0.9741,0.979
1,2,20,233.886707892579,159.729548689681,149.058333333333,169.735185185185,0,0,0
1,3,20,33690.9065172917,21256.585955818,28758.2569444445,23015.648,0,0,0
1,7,20,96864.8610995828,2840.33351044319,1643.99526315788,1561.73118747282,0.9935,0,0
1,8,20,972.724734247589,698.727094864404,590.387500000002,609.619753086421,0,0,0
1,9,20,149.004651924444,38.6988113478355,54.6104347826086,44.8940217391304,0,0,0
1,10,20,18856.0488773468,24317.9062996871,16579.7305555554,11890.0230000001,0,0,0
1,11,20,581601.056635825,189362.565680626,190749.172619048,204018.792380953,0.996,0,0
1,13,20,305.61302871858,139.648299724502,151.434375,161.4984375,0,0,0
1,17,20,14356.3574120696,7253.39098154596,7089.11437908497,6350.98104035003,0,1e-04,0
1,19,20,65130.8576451275,99132.7272999723,81088.7977941177,82724.6852941175,0,0,0
1,20,20,24917.321273848,1057.42616970607,1141.138,1050.76652892561,0.993,0,0
1,21,20,475.188030228078,376.694099943758,331.398639455783,316.727333333334,0.9965,0,0
1,22,20,42273.024623158,464.789661830503,538.567251461977,620.538929969565,0.9916,0,0
1,23,20,3927.25990864911,1946.7195091717,2465.41400000005,2420.40537190085,0,0,0
1,24,20,28649.2538175253,23327.4730757172,13205.3659999999,15695.8376543211,0,0,0
1,25,20,2759.08677475187,2041.21182289455,2031.66071428571,2432.85285714287,0,0,0
1,26,20,13123.1442145666,1390.07149278038,1312.41056422569,1637.60476421973,0,0,0
1,27,20,15225.7744503231,23021.9047888688,17405.1944444445,25065.6203703705,0,0,0
1,29,20,7419.68098268411,6089.8596705422,6419.0864197531,8342.29666666663,0,0,0
1,30,20,4097.41633005043,2312.88348350602,1603.38775510204,1527.84100747738,0,0,0
1,31,20,325.77557421442,185.493451557362,154.790816326531,173.979855371901,0,0,0
1,32,20,208825.570102863,13814.1567520551,5284.5537918871,4960.60666666662,0.9962,0.0507,0
1,33,20,3552.73437272988,903.819761055025,693.761104441778,533.808945065627,0,0,0
1,34,20,636154.900606876,NA,212804.633928571,213358.073486181,5e-04,NA,1e-04
1,35,20,14386.2015317646,4127.11930002665,5148.05263157896,4392.79773814699,0,0,0
1,36,20,2696.51390716915,432.761196095183,417.998148148149,476.190666666666,0,0,0
1,40,20,1619.75052920235,2279.93181470472,2659.995,2320.78375,0,0,0
1,41,20,100415.508951128,64730.7168296018,39522.9894179896,33550.0085714283,0,0,0
1,42,20,251.330338734968,196.958312979684,393.633928571429,302.817460317461,0.5655,0.038,0.5795
1,43,20,767.216879843408,631.261887893444,638.509548611111,604.001836547292,0,0,0
1,45,20,891.518527801777,354.655538294319,162.766581632653,182.719999999999,0,0,0
1,47,20,2917065747.57419,NA,134726.494708996,134657.343333332,0.9962,NA,0
1,48,20,373.657753121466,314.219283330522,246.202947845805,246.472777777777,0,0,0
1,49,20,27.1977109743927,22.7975871165138,25.7469387755102,25.1154320987654,0,0,0
1,50,20,0.372714541929467,0.14653846153846,0.125,0.11965811965812,0.1449,0.0552,0.1425
1,54,20,80411.7332280465,2217.31430789318,2691.61090909089,2952.83950617287,0,0,0
1,55,20,270.718218391246,190.540650265559,168.469444444445,147.111111111111,0,0,0
2,2,20,1315.78142606768,278.982311425542,218.953125,212.353703703703,0,0,0
2,4,20,18184.8998705674,11549.4662143547,11356.9176136364,9655.02911931818,0,0,0
2,6,20,316435.975653082,26451.9206906433,16045.8442534909,18947.7431578947,0.996,0,0
2,7,20,468090.827764373,6293.88423363681,4727.36759868421,5060.09699869507,0.9933,0,0
2,8,20,2698.39486853574,2665.12206854444,1913.57638888889,1988.69197530864,0.9999,0.9996,0
2,9,20,3541.58043943678,133.088382890637,203.752717391304,140.073369565217,0.9987,0,0
2,10,20,179710.518745325,NA,74077.5387755099,57525.5470000003,0,NA,0
2,13,20,477.478648445972,373.97146347999,335.709722222222,338.296875,0,0,0
2,14,20,3877.92713080245,1480.66206212879,1345.9255702281,1090.37190082645,0,0,0
2,16,20,141468.818460354,118117.826401189,111889.681216931,102419.233333333,0,0,0
2,19,20,78707.5570226758,152399.749867423,135230.151960785,134515.631764706,0,0,0
2,20,20,8558.25915065661,2077.31848888323,1855.73046875,2101.23842975204,0,0,0
2,21,20,2201.30724240215,1068.19036510644,1086.936,965.972666666667,0.9967,0,0
2,22,20,333648.658212904,2630.87878613981,1762.17263157896,3124.87037842544,0.993,0,0
2,23,20,106171.148867455,12996.8623690203,16466.17890625,11921.7698347107,0.9918,0,0
2,26,20,12361.3529096014,6165.2819090104,6141.91176470589,5020.57316480314,0,0,0
2,27,20,62252.3515211085,38241.3757556113,29739.9,31444.1802469137,0,0,0
2,29,20,6459.50399336371,7902.78614508922,7728.37037037039,8802.93166666664,0,0,0
2,31,20,888.898511079082,759.754718557646,824.217013888889,751.272727272728,0,0,0
2,34,20,3034821.40000898,NA,240498.342592588,233837.462669016,0,NA,1e-04
2,35,20,258113.671184268,23801.1926034777,20391.1776315789,19127.3484123532,0.9939,0,0
2,36,20,1559.60894434984,1141.82902381677,1277.17142857143,1326.854,0,0,0
2,39,20,206579.21470208,158882.266266399,185568.297794118,176585.601176471,0,0,1e-04
2,40,20,5387.04989102431,3828.22719942389,5272.53316326531,5813.01625000001,0,1e-04,0
2,41,20,1188749.06085053,195004.800737137,114057.582010582,119083.555714285,0,0,0
2,42,20,1052.83812378467,860.659025080135,1285.9007936508,1285.9007936508,0.2535,0.262,0.9962
2,43,20,3887.35105464093,2106.08368444503,2244.87673611111,2068.2116620753,0,0,0
2,46,20,136411.463711421,125538.571497469,112210.194444444,101809.822222222,0,0,0
2,48,20,1475.06085559564,995.853057657349,962.933333333332,689.741111111108,0,0,0
2,49,20,123.81138753177,105.301805266852,106.440816326531,97.843209876543,0.4308,0.9989,0.9962
2,50,20,0.629312490642113,0.461538461538462,0.394230769230769,0.371794871794872,0.4124,0.1818,0.4744
2,54,20,399360.410688532,10489.7526838128,8004.09090909091,8600.52581369246,0.9986,0,0
2,55,20,1534.64983828302,636.183827984405,534.64375,379.964814814815,0,0,0
3,1,20,777865.187844292,236702.248639463,232114.775,265621.0546875,0.9985,0,0
3,2,20,1156.45815871952,586.09809430827,528.259259259259,428.801339285714,0,0,0
3,4,20,27837.4850054888,27883.7420373103,27604.7755681818,22546.7009943182,0,0,0
3,5,20,1990620.4279848,NA,1677177.71833333,1365627.64453125,0,NA,0.9986
3,6,20,1042131.75531266,42925.8724686953,43581.8981481482,49795.88671875,0.9987,0,0
3,8,20,6904.75435065982,3785.91936645853,3581.68318756074,3589.81919642857,0.5296,0.2622,0.0021
3,9,20,435.127749200367,204.357979930798,452.173333333332,278.665555555555,0.999,0.8758,0.9192
3,11,20,643082.149838221,375507.334433122,363491.341818182,358048.588068182,0,0,0
3,13,20,1714.93376406709,778.739088107863,531.252136752136,531.252136752136,0.8208,0.9648,0.9993
3,14,20,2854.87279394549,2641.07268997135,2435.37641723356,2183.12722222222,0,0,0
3,15,20,3872734.96320364,196483.547379179,122721.798333333,144773.076171875,0.9997,0,0
3,16,20,364712.472156735,263665.499966109,277787.991477273,222683.387766554,0.9978,0,0
3,17,20,174365.838222676,54388.9871600365,48237.5934343434,50394.6725852273,0,0,0
3,18,20,141227.317600587,32475.7181208532,26745.2234299517,24214.8444293478,0,0,0
3,19,20,91464.3771942061,201581.393724843,183889.596190476,167777.727678571,0.9989,0,0
3,21,20,1710.30841463532,2456.56750261579,2595.68444444445,1878.25434027778,0.983,0.1247,2e-04
3,22,20,1392652.30472485,8050.71937652234,6184.33090909092,7702.15207631873,0.9976,0,0
3,23,20,38699.0256261759,33908.1501056512,46714.3282828281,31297.9079685745,0,0,0.998
3,25,20,483109.832631036,25217.7062674206,21375.8674242423,19631.2379349045,0.9984,0,0
3,27,20,82809.3364779235,61299.357765228,73986.2033333331,55691.294921875,0,0,0
3,28,20,12151.9203403219,4313.61111111111,3733.34027777778,2436.81944444444,0,0,0
3,29,20,23785.7581728385,9449.10928137248,9247.85636363635,10278.7130681818,0.9987,0,0
3,30,20,26354.4710033992,14170.1043162406,12876.8952020202,12001.5914702581,0,0,0
3,31,20,2082.88718479003,2104.49966361999,1837.41647058824,1638.3694117647,0,0,0
3,32,20,1600851.72137729,NA,54450.9137291281,51984.9214365882,0.4714,NA,0.0191
3,33,20,136943.497371791,7856.08653992341,6203.821875,3270.31111111111,0.9986,0,0
3,34,20,1456542.60254285,NA,235351.948232319,270922.970880682,0.0059,NA,0
3,35,20,138209.281904881,62239.8590873232,52468.8316761364,46786.608305275,0,0,0
3,39,20,237661.636449741,264836.398487594,257095.338624339,261165.76860119,0,0,0
3,42,20,2863.41339030461,2435.67571147904,3522.86008230453,3522.86008230453,0.2812,0.1651,0.9957
3,44,20,18881.1220489126,23352.5967126003,30632.9623579545,36662.1038159372,0,0,0
3,45,20,168200.299654931,3678.58425699444,2485.08,2426.31015625,0.9989,0,0
3,47,20,1752391.75830026,NA,808216.633838387,709877.05892256,0,NA,0
3,48,20,1843.15297656628,1169.07263122927,1355.38888888889,1096.8661468486,0,0,0
3,49,20,230.81856685533,189.906042902895,205.698412698413,220.940476190476,0.5463,0.9107,0.9177
3,50,20,1.20086977702655,0.969643520000003,0.8,0.715555555555555,0.5028,0.2547,0.2679
3,51,20,400407.530463126,443026.575928448,463711.8984375,435914.21484375,0.994,0,0
3,52,20,95670.5151167527,12592.6341633006,11179.0760869565,10121.9775815217,0,0,0
3,53,20,75896.7010734771,16637.6689209086,15171.6570048309,14166.8417119565,0.9876,0.9992,0
3,54,20,252317.204482752,30172.5118133796,15934.8153409091,15978.7244668911,0,0,0
3,55,20,3426.64925622544,1015.17410698183,999.63768115942,522.739130434783,0,0,0
4,1,20,2124020.03860835,474220.42696498,499224.282608696,534877.814538043,0.9981,0,0.9686
4,2,20,1857.51812052538,1101.76096195888,947.4,753.9609375,0,0,0
4,3,20,305730.972087653,NA,311485.984299517,316503.622282609,0.9358,NA,0.5169
4,4,20,69006.7243714603,62184.4310088987,54425.4732142857,44006.5364583333,0,0,0
4,5,20,3878381.66590444,NA,2726383.88647343,2948078.11277174,0,NA,0
4,6,20,2353489.40521514,53949.8864417735,58195.75,82717.4816576087,0.9985,0,0
4,7,20,14501321.973632,24189.900606334,24022.5809178744,25251.4239130435,0.9991,0.4553,0
4,8,20,9573.15444252116,5746.1941819053,5721.92517006803,5633.91741071429,0.1828,0,0
4,9,20,17375.4147674182,375.626325547167,696.578703703702,477.850694444443,0.9993,0.3244,0.1055
4,11,20,1080510.11025869,581094.22757805,549888.867724868,514904.530505952,0,0,0
4,13,20,1834.91496620636,1057.18411672978,810.738461538462,656.214743589743,0.3264,0.9913,0.2833
4,14,20,6754.9958010364,4092.53116874668,4641.56790123456,4022.64722222223,0.1336,1e-04,1e-04
4,15,20,7432135.44115988,NA,205072.147826087,255802.55298913,0.9982,NA,0
4,16,20,444318.290548236,341668.435851067,375767.125,265731.586713698,0,0,0
4,18,20,298240.861002087,58074.4308187252,34342.6236363636,40432.7464488636,0,0,0
4,19,20,172799.476429099,283302.925245157,272920.156,248729.5796875,0.9994,0.652,0.3108
4,21,20,4698.49640540651,6440.09652228518,5958.58666666667,4122.69618055556,0.7029,0.0167,0.0123
4,22,20,4026087.64355108,17078.4265502223,15262.1371428572,18427.7366255144,0.9975,0,0
4,23,20,73057.0681617433,72807.1614333709,85952.8492063489,68322.7865961201,0,0,0
4,24,20,4302798.55006215,NA,120818.494949495,154602.329545455,0.9982,NA,0
4,25,20,1188448.3837662,55333.3982962904,63910.8756613755,41311.556143445,0.9981,0,0
4,26,20,41313.6584774183,22884.7801189969,24658.9290909091,21565.78125,0,1e-04,0
4,27,20,132805.159337891,107199.221496883,111053.111111111,80752.6507936509,0,0,0.9986
4,28,20,26992.8155179949,10356.3695897384,8488.78472222222,5158.5625,0,0,0
4,29,20,88609.2880805035,8547.40180224194,9981.55047619046,13892.3675595238,0.9985,0,0
4,30,20,38340.4349213576,22266.1422420562,21520.3206997084,20625.406819518,0.9983,0.9973,0.9753
4,31,20,4809.35812489368,3080.69359671198,3873.81411764706,3332.54294117647,0,0,0
4,33,20,191908.964909604,16515.6308664543,14314.90625,7182.64135802469,0.9985,0,0
4,34,20,1759490.08985313,NA,389357.98412698,457207.724702381,0.4386,NA,2e-04
4,38,20,3385049.31820407,3409695.58006676,3734670.28104575,3586302.35018382,0.8985,0,0.9997
4,39,20,342015.147205259,385686.840077372,368265.453703704,379425.87797619,0,0,0
4,40,20,8566.53330092411,5770.03131942308,12574.32,17640.7901234568,0,0,0
4,41,20,7291997.29636912,NA,624794.970238095,627641.124632569,0.9969,NA,0
4,42,20,6742.37272854718,5301.64709875488,5609.41346153846,8296.83333333333,0.0021,0.0236,0.0116
4,43,20,8809.92549742227,5866.11139079991,7525.96190476191,5340.58495002939,0,0,0
4,44,20,37310.8339281919,47335.6873156772,60098.7249757045,75998.4885361551,0,0,0.9991
4,45,20,351747.757251947,7923.46505672354,5399.003125,4403.821875,0,0,0
4,46,20,560671.554540443,243865.071171369,270607.512,346384.31171875,0.9989,0,0
4,48,20,3470.35810168114,2039.09446443418,1773.63450292398,1449.89408706952,0,0,0
4,49,20,616.582762087649,283.279604463448,458.712380952381,416.795386904762,0.7506,0.1923,0.9643
4,50,20,2.02153413586937,1.54166666666667,1.22916666666667,1.26388888888889,0.1885,0.1027,0.0794
4,51,20,665462.022947331,613710.625700542,679156.900869565,619029.598505435,0.8141,0.2395,0
4,52,20,229027.213113096,18662.3174374467,18089.0454545454,12394.0035511364,0.9981,0.996,0.3039
4,53,20,134712.125690915,25296.2056603935,24215.7803030303,21424.5149147727,0.9726,0.5401,0.4222
4,55,20,11185.0142860238,2828.7442866249,1931.37373737374,893.9765625,0,0,0
1,1,24,27231.0626684617,27038.9658977638,30877.4340277778,34071.0206250001,0,0,0
1,2,24,717.061655228414,183.875000000001,148.646683673469,156.596450617284,0,0,0
1,3,24,27941.4515909956,18011.2502169763,20618.7777777778,22974.7462500001,0,0,0
1,4,24,2076.93781359127,1649.08031143211,1954.23777777778,2007.47309027778,0,0,0
1,5,24,206928.735076484,NA,166372.891666667,156402.014,0,NA,0
1,8,24,949.557298460085,821.227376630915,731.015625000003,755.084104938273,0,0,0
1,9,24,88.3515141591764,50.2659284966383,59.9031578947369,46.28125,0,0,0
1,10,24,33848.0882252539,33535.8487170112,24411.9574999998,12867.4649999999,0,0,0
1,11,24,311776.512425707,208418.957264405,206321.923202613,221655.838235294,0,0,0
1,13,24,160.207984766803,170.921649128395,184.01171875,197.0361328125,0,0,0
1,15,24,3614.45207763098,3556.30351105765,5516.86904761909,2921.32467532459,0,0,0
1,16,24,58633.6507812498,7638.03248443035,5155.52777777778,4422.8788235295,1,0,0
1,17,24,14377.7387068194,4991.71758064736,2575.74461538464,1129.27844882392,0,0,0
1,18,24,26038.6939264854,6953.69964018012,7075.05555555559,6723.94367283951,0,0,0
1,19,24,33265.5593647723,80073.5384615384,90995.982905983,89645.199230769,0,0,0
1,20,24,13491.8307045043,1116.14883460339,1238.73533950616,1099.50413223139,0.9998,0,0
1,21,24,898.26647148063,451.322879590073,459.41414141414,417.674545454546,0.9998,0,0
1,22,24,6766.70639644212,683.906411571591,652.227083333333,606.503581267231,0.9998,0,0
1,25,24,2336.25813129198,2155.97306179246,2198.64705882353,2347.95941176472,0,0,0
1,26,24,1690.01815955142,941.078147601374,1063.27315541601,1205.87412587411,0,0,0
1,27,24,22208.9918604398,9506.25145246619,8175.95138888897,17692.7523148149,0,0,0
1,31,24,1027.7637719866,231.280715231957,215.97265625,209.320247933885,0.9998,0,0
1,32,24,496960.932978958,6862.78562530546,4930.94480755265,4602.47764705874,0.9996,0,0
1,33,24,6585.91710974508,232.923842727803,247.67503924647,181.212968849332,0.9997,0,0
1,35,24,11909.2115257532,2222.34193055803,2727.14013605446,2150.50853994487,0,0,0
1,36,24,6317.94131943037,114.050764576675,93.224747474747,102.92,1,0,0
1,39,24,273149.326310028,314717.72543302,221227.794871795,215578.127692308,0,0,0
1,41,24,107942.967577459,14417.3428228579,11544.4477791119,12324.3988235291,0,0,0
1,42,24,606.945210093085,162.375,380.041666666667,281.148148148149,0.0491,0.1209,0.0529
1,44,24,11860.5604871974,6111.94883098231,4284.36437908495,5025.67470588236,0,0,0
1,47,24,217926892.016935,NA,139281.36235294,146735.966470586,0.9998,NA,0
1,48,24,439.24648696294,184.483947767336,184.362973760935,203.252142857142,0,0,0
1,49,24,1351.38472264003,16.625,18.9725,18.5378086419752,0.9998,0,0
1,50,24,0.219878293032268,0.17318181818181,0.147727272727273,0.141414141414142,0.0373,0.0243,0.0482
1,51,24,352719.093990783,107088.209023084,101156.825882353,96096.6702977486,0,0,0
1,53,24,6171.37936342532,5693.84203032947,5178.80320699707,5268.04191263282,0,0,0
1,54,24,4469.45066424233,2145.63781731562,2255.80246913581,2641.26817558301,0,0,0
2,1,24,106225.724136401,124104.94379869,128027.570153061,144479.574375,0,0,0
2,2,24,2218.16384836061,423.8125,146.375,156.685956790123,0,0,0
2,3,24,73638.185499414,NA,80533.1631944442,95484.485625,0,NA,0
2,4,24,13748.4627481595,11889.4977470543,11193.8923611111,8998.90364583333,0,0,0
2,6,24,49075.6202751228,9065.25626796503,7718.07482993203,8392.14466666661,0,0,0
2,7,24,76780.6779519922,2897.1371846179,4350.76770833333,3927.76088154268,0.9997,0,0
2,8,24,1998.93535064526,2491.61644488428,2433.39795918367,2459.77546296297,0,0,0
2,9,24,4891.56268759071,183.665821388104,195.96,139.981907894737,1,0,0
2,13,24,419.58568255826,441.905374994621,406.479166666666,413.205078125,0,0,0
2,18,24,15154.6024811308,17540.035338505,17435.27,14903.2083333333,0,0,0
2,21,24,5037.08602487732,1478.62188967461,1166.98886827458,1133.83090909091,0.9998,0,0
2,22,24,103223.108225102,3402.7087407614,5570.15102040817,3289.94765840226,0.9997,0,0
2,23,24,9747.0509828294,11999.0593169514,14933.7275390625,9812.92355371911,0,0,0
2,24,24,497304.285443704,25051.5197281963,23111.7395833334,31062.4367283951,1,0,0
2,25,24,7767.70204602571,9788.27963285638,7120.73529411764,6986.96470588242,0,0,0
2,26,24,9870.18121148506,4556.29780039107,4308.65463108319,4171.82771773682,0,0,0
2,27,24,79945.2221696657,9852.96407237515,8880.03472222229,19149.4483024693,0,0,0
2,29,24,14030.8880687114,7894.61123656336,8287.64571428568,9122.08857142854,0,0,0
2,31,24,3822.4217235655,1083.82858767027,905.331018518516,901.519283746558,0.9995,0,0
2,32,24,5193388.52271742,28437.2049747985,27115.9650735294,19798.2505882353,1,0,0
2,33,24,2012.20519535038,752.647771764464,771.436420722135,733.269548633189,0,0,0
2,35,24,61844.5412850699,14341.2727928593,17561.8911564625,10941.4633608815,0,0,0
2,36,24,1995.90543628508,383.499394711161,364.513914656773,300.790909090907,0,0,0
2,41,24,226635.470343173,NA,48056.7559912849,48514.1605882352,0,NA,0
2,42,24,1751.78433761922,640.74725522874,1157.48148148148,1157.48148148148,0.1089,0.1895,0.9994
2,45,24,474.842726620007,292.78133361022,247.986394557821,193.584166666669,0,0,0
2,46,24,176430.996324772,86409.0054774307,93961.1084183671,98019.0470679011,0,0,0
2,47,24,1435274.01095535,NA,420057.221176472,433380.018823528,0,NA,0
2,49,24,2181.97583113893,199.697485206917,93.9635416666664,68.5123456790121,1,0,0
2,50,24,0.544209498306737,0.409090909090909,0.318181818181818,0.297979797979799,0.1507,0.1528,0.1515
2,51,24,528572.1995762,326675.082949894,344613.20751634,348105.114742193,0,0,0
2,52,24,13068.8026306983,3633.29347559193,3496.45955882353,5199.9702251271,0,0,0
2,53,24,15567.8355525153,10152.8886541077,9909.84839650145,10275.0968122787,0,0,0
2,55,24,1351.28596414055,670.932563766681,554.875,338.702932098766,0,0,0
3,2,24,859.317233876967,536.939685200532,509.0625,460.371323529412,0,0,0
3,3,24,274257.173339468,139232.571732142,158876.5125,153434.8234375,0.7063,0,0
3,4,24,62978.902333578,29031.5487435536,24569.4000000001,18727.6579861111,0,0,0
3,5,24,2790774.62733739,NA,1777856.384,1486842.2,1,NA,0
3,6,24,564685.948264739,16228.5940587874,18029.048,27011.83046875,1,0,0
3,8,24,4445.13773986561,5142.53220927019,4356.36854741897,4368.13419117647,0.0171,0,0
3,9,24,10457.6393891375,311.085642243091,532.449735449734,310.924603174602,1,0.2411,0.8376
3,10,24,111289.504637379,NA,137185.327777778,156369.16015625,0,NA,0
3,13,24,464.789071863033,490.754832412717,496.919191919192,499.342171717171,0.1593,0,0.2572
3,14,24,2527.95259889611,488.35746199666,546.895043731776,657.349285714287,0,0,0
3,15,24,11453966.3236141,50712.8709711624,53507.6624999998,60071.859375,0.9999,0,0
3,16,24,406921.998449443,342683.25888462,280808.695987655,258744.783950617,0,0,0
3,19,24,128749.906839924,240189.35563033,209230.014117647,193786.959558824,0.9998,0,0
3,20,24,25212.3338189856,9192.63565252484,8516.49537037037,8435.24485596707,0,0,0
3,21,24,14802.5289820205,2782.4783114803,2224.17063492063,2226.25446428571,0.9997,0,0
3,23,24,46124.9721516908,33902.1404200186,43624.3070987652,32697.7441700958,0,0,0
3,25,24,31411.3601390129,26470.2468136472,15976.5462962963,20421.0761316872,0,0,0
3,26,24,32554.4853367944,14090.3645267846,13097.9868421053,9155.30016447369,0,0,0
3,28,24,7746.16337842516,2910.43652493062,2755.72,2243.265625,0,0,0
3,29,24,24671.1552131003,8451.73605475621,8265.72916666667,9382.42881944445,0,0,0
3,31,24,23924.4664026175,1396.95736451673,1711.1476923077,1841.04769230769,0.9999,0,0
3,32,24,842037.878241118,NA,50920.0493827162,40917.6447187929,0.0563,NA,0
3,33,24,33441.7512107632,3849.5903050165,4300.78249999999,2541.19521604938,0,0,0
3,34,24,2346453.25912001,NA,280569.160493822,318697.296875,0.1912,NA,0
3,35,24,105181.657045255,52544.2541169596,56702.3900226757,55024.3367626887,0,0,0
3,36,24,1247.58352320038,547.751701174355,543.391203703702,679.016460905353,0,0,0
3,38,24,2942479.95244675,3082309.24376253,3143826.62769231,3128176.91947115,0,0,0
3,39,24,322856.81940153,319272.035742954,309497.713235294,322027.818014706,0,0,0
3,42,24,4447.68454785985,1642.43120615285,3055.89855072464,3055.89855072464,0.3752,0.3437,0.999
3,43,24,7960.34957256924,5282.55694172916,4814.47294117646,3363.20697167755,0,0,0
3,44,24,20064.1491378174,30379.9753965233,35352.9869791667,42725.0089163237,0,0,0
3,45,24,4998.94462516336,2038.91789479883,1310.57250000001,1310.9013671875,0,0,0
3,46,24,383820.147409343,187956.125512377,187215.875294118,216994.155330882,0,0,0
3,47,24,2516126.11120634,NA,797212.1712963,753695.840877916,0,NA,0
3,48,24,1899.2131690348,1056.00943619163,1559.43148148149,1011.36543209876,0,0,1
3,49,24,7480.39570220922,314.372424433857,228.88705882353,165.116727941176,0.9999,0,0
3,50,24,1.08165056728803,0.82100419047618,0.619047619047619,0.492063492063492,0.4564,0.3257,0.183
3,51,24,429536.840372624,540278.014994363,555044.084375,521671.315625,0.9206,0,0
3,53,24,62069.9559396067,15536.3538875511,16533.3128654971,15774.7582236842,0,0,0
3,55,24,1490.31390322521,1218.69752866247,812.134868421053,606.935032894737,0,0,0
4,1,24,1578540.98305249,572505.137596393,563257.80631579,633618.443256579,1,0,0
4,2,24,2374.88878723479,726.197983320959,986.5525,795.6748046875,0,0,0
4,3,24,598808.270007287,278177.547807239,324216.770467836,335529.944901316,0.4028,0.4364,0.9099
4,5,24,6610710.81262311,NA,5432214.7251462,3151719.42845395,1,NA,0
4,6,24,977989.938969934,25177.9683690689,29101.5747368421,51047.6208881579,0.9998,0,0
4,7,24,45060.960944067,21679.4870878721,24723.7242105264,16882.0115131579,0,0,0
4,8,24,7126.25120222369,7182.97864862955,6983.30732292918,6879.85386029412,0,0.0011,0
4,10,24,256868.331108667,NA,280671.91944146,331770.789473684,0,NA,0
4,13,24,629.243646554352,606.087021416326,609.812727272727,612.694444444444,0.7581,0.4917,0.7862
4,14,24,2351.85262139016,792.972869384693,1007.25655976676,1272.29357142857,0,0,0
4,15,24,13216090.3801536,NA,109647.817251462,119743.606085526,0.9998,NA,0
4,17,24,199948.234319607,23594.7158096308,29464.6493055556,47113.3359375,0,0,0
4,19,24,222423.137932722,369171.241462656,338982.51953125,290317.532226562,0.9998,0,0.0091
4,20,24,65137.1815587822,21630.3546542503,22858.9493464052,19116.1619462601,0.9901,0.9144,0.9839
4,21,24,42900.097192769,6237.77259503647,4908.39714285714,4870.54129464286,1,0,0
4,22,24,836565.652444582,9893.5771007941,11262.3088235294,10693.5555555555,0.9998,0,0
4,23,24,177390.818068408,77248.907628109,98779.8562091499,72892.7930283225,0,0,0
4,24,24,4438621.32794536,NA,87637.4666666666,98295.6137152778,1,NA,0
4,29,24,3016.33248764713,8308.65752670224,6533.45220588235,12439.9402573529,0.9981,0.9873,0.4459
4,30,24,30955.9209047582,15314.1699727863,17412.4861944778,18127.1096586783,0,0,0
4,31,24,13485.5626027543,3323.51106418568,3285.29846153847,3746.39384615385,0.9999,0,0
4,32,24,1081440.02082464,NA,113036.673202615,83600.1307189541,0.7083,NA,0.0401
4,33,24,15014.1517181183,8307.65730392958,9379.16999999999,5380.85339506174,0,0,0
4,38,24,4412881.15429146,4452332.84021686,4649007.83076923,4672877.890625,0,0,0
4,40,24,11348.1970810451,6530.9474312888,10936.2676923077,14420.0389363723,0,0,0
4,41,24,6050235.82714872,NA,333967.617647059,338559.700798837,1,NA,0
4,42,24,7463.45720961653,3365.4252265247,3853.55681818182,7313.32323232323,0.0413,0.0337,0.0207
4,43,24,12506.4222956881,8223.29001026114,8578.84191176471,4512.89251997095,0,0,0
4,48,24,2589.24963514868,2148.40141251032,2393.11666666667,1395.65267489712,0,0,0
4,49,24,9996.43314019425,1555.14374110845,565.254901960784,312.726102941176,0.9998,0,0
4,50,24,1.59099611975572,0.95,0.5125,0.422222222222223,0.0747,0.0193,0.006
4,53,24,102432.910470783,22373.7741260437,24514.6959876543,23538.6310763889,0,0,0
4,54,24,80114.7045246734,30594.7413341751,27757.6329411764,21857.5795206972,0,0,0
4,55,24,4998.27124085903,2684.05162891282,1455.03111111111,1017.76388888889,0,0,0
1,2,28,223.135065845893,113.4470504703,146.402777777777,163.015432098765,0,0,0
1,5,28,13856010.4866684,NA,56251.3005050485,58981.707272727,1,NA,0
1,6,28,9591.07732876246,8080.31160233712,8894.87121212131,8965.76545454535,0,0,0
1,7,28,16518.8720007684,778.640138963041,208.755102040804,141.091660405709,1,0,0
1,8,28,1228.89105823975,1287.17527988889,917.92592592593,980.950617283953,0,0,0
1,9,28,172.170228674181,50.5368097538008,56.6351851851852,43.3958333333333,1,0,0
1,11,28,173254.74367978,222687.171759213,256125.260683759,271111.602307693,0,0,0
1,13,28,165.646676790515,209.123983662915,235.606666666667,249.373697916667,0,0,0
1,14,28,135.569971983782,78.9162349697541,82.08390022676,69.6391184573,0,0,0
1,15,28,10766740.3049593,796.911823618712,838.067346938805,1020.42479338842,1,0,0
1,16,28,1868069.22097618,3143.57982076937,2047.89316239311,2164.1992307693,1,0,0
1,17,28,3871.95633530262,6525.78078061943,1139.34027777778,1253.02846648304,0,0,0
1,18,28,12264.6642745222,4862.97317507922,4715.29398148149,4385.1121399177,0,0,0
1,20,28,10125.2180244539,696.664100806884,1034.96258503401,551.259641873263,1,0,0
1,22,28,2187.40597679132,567.285896722,548.369318181818,557.114199849742,1,0,0
1,25,28,2008.80349318851,1951.18102750116,2072.07064364209,1986.14615384616,0,0,0
1,27,28,3313.33361927321,2519.75464763404,6936.41666666667,12852.3323045268,0,0,0
1,29,28,7577.26298316977,10015.7016358828,10213.5666666667,12041.6019999999,0,0,0
1,30,28,1101.59828661216,650.417348961791,374.938775510191,408.996821360463,0,0,0
1,31,28,1924.74174764658,68.3244390684486,84.5,92.301652892562,1,0,0
1,32,28,892100.765903861,1403.41652271475,1131.35992402656,1080.73999999993,1,0,0
1,33,28,397.372762384125,103.215204134876,120.854938271605,110.724517906339,0,0,0
1,36,28,17096.1978249649,6.48542786982865,7.57936507936516,7.00285714285724,0.9999,0,0
1,39,28,63724842.1801618,376971.858497504,312155.113854596,310796.225555556,1,0,0
1,40,28,1319.93638636273,1465.95910042519,1311.995,1178.13,0,0,0
1,41,28,24650.206586117,NA,7438.21230769213,6933.45230769205,0,NA,0
1,42,28,166.027502295634,130.3,133.4625,214.150000000001,5e-04,9e-04,0.001
1,43,28,846.074237537328,847.763802164387,830.559183673472,706.523966942149,0,0,0
1,44,28,4447.57211557193,5396.44371604904,4797.76282051279,5540.10153846155,0,0,0
1,45,28,306.205825992334,184.578305373783,125.380000000002,155.427499999999,0,0,0
1,47,28,265213266.330693,NA,116795.264615384,116984.513076921,1,NA,0
1,49,28,132.521444689145,22.9764930100395,27.5023148148148,19.4218106995884,0,0,0
1,50,28,0.275090401804361,0.211666666666671,0.180555555555556,0.17283950617284,0.0065,0.1348,0.1398
1,51,28,214059.060980863,131356.017793252,121849.354700855,125335.305792972,0,0,0
1,52,28,6054.61238119969,1319.79537276994,1772.70085470088,3242.35612535615,0,0,0
1,53,28,48994.369316249,6487.67594648219,6283.35510204082,6233.30247933884,1,0,0
1,54,28,1601.84249995034,722.900740026184,567.871428571424,790.948853615532,0,0,0
1,55,28,165.319343571235,36.0908976919182,20.3981481481479,17.0586419753083,0,0,0
2,1,28,133402.597088611,91258.5486144039,134139,111113.403333333,0,0,0
2,2,28,381.231439642671,223.308191902383,125.259259259259,140.277777777777,0,0,0
2,4,28,6553.53596039259,7062.57229023407,6258.00285714291,7138.5078125,0,0,0
2,5,28,483331.937974335,NA,173250.014545455,149768.813636363,0,NA,0
2,7,28,13225.160790417,2871.6534094799,1346.56771799627,1108.86025544704,0,0,0
2,8,28,2498.09488329894,3509.43049487314,3193.11224489796,3229.08127572017,0,0,0
2,9,28,1267.70161764259,231.690354970961,269.906666666667,170.442708333333,1,0,0.1503
2,15,28,10222.8990483141,NA,2453.4921875,3961.6727272728,0,NA,0
2,16,28,128636.248417022,145792.488470893,136482.497596154,147061.825384615,0,0,0
2,20,28,6031.19736161413,2284.14788568738,2884.76171875,2168.21074380163,0,0,0
2,21,28,3564.23848800473,184.476173501007,234.519841269842,168.504285714285,0,0,0
2,23,28,7436.38674668135,9605.02664962525,10770.1640625,8010.905647383,0,0,0
2,25,28,8304.7515104058,4628.40233797793,4784.40144230769,4886.75153846157,0,0,0
2,26,28,3318.55041618185,3114.25642912414,2980.99074074069,2429.63728191004,0,0,0
2,31,28,1298.63513819653,373.837263232564,402.28826530612,469.401859504134,0,0,0
2,32,28,3461856.82174723,5959.0898591233,3289.2782526115,2817.21384615384,1,0,0
2,33,28,929.673872730737,325.202810340993,515.324652777778,507.41781450873,0,0,0
2,34,28,237651.550004795,NA,290448.237048663,309757.197530861,0,NA,0
2,35,28,23942.2496089091,5953.07914200504,9045.58249158256,8218.81292261458,0,0,0
2,36,28,223.404165308523,15.667355564273,17.6742857142855,13.9828571428573,0,0,0
2,39,28,314466.167877068,620638.08348109,365154.925170068,329036.664444444,0,0,0
2,40,28,7170.61900074904,1340.14858483313,1451.68402777777,1795.88000000002,0,0,0
2,41,28,157518.151465673,NA,40260.1169230769,29622.2323076923,0,NA,0
2,42,28,663.703353475123,563.41972586407,608.475,999.900000000002,0.0038,1e-04,0.0141
2,43,28,4133.89645312397,2609.93587969697,2269.8359375,1978.6826446281,0,0,0
2,47,28,779114.847393122,NA,318364.432692308,274559.238461537,0,NA,0
2,48,28,916.495072474881,575.159243783493,555.371428571432,494.892999999996,0,0,0
2,49,28,1323.90126371777,140.516905911563,116.416666666666,74.4022633744853,0,0,0
2,50,28,0.664263020530339,0.5,0.388888888888889,0.364197530864198,0.1635,0.1449,0.1325
2,51,28,484899.525852047,422765.237905912,439950.547008547,453261.614434948,0,0,0
2,52,28,4653.20438027982,1658.1153304634,1246.33653846154,2146.06742640076,0,0,0
2,54,28,4235.20659771464,2316.91987707282,1548.23714285716,2285.10934744268,0,0,0
3,1,28,400543.69521382,419472.671193451,456805.3125,371970.63671875,0,0,0
3,2,28,217.109055522543,91.571779229073,209.575384615385,227.813701923077,0.4438,0.3124,0
3,3,28,245595.670408393,129136.764908221,163813.4375,120346.747070312,0,0,0
3,5,28,2327130.36137211,NA,1558842.45138889,1381856.59472656,0,NA,1
3,6,28,89885.5339065046,7132.96719735336,8803.14453125,13584.8447265625,0,0,0
3,8,28,6115.46000515105,6718.92473839689,5681.86028257458,5700.87019230769,0.0131,0,0.0954
3,9,28,8240.51929910528,470.135973418599,637.43790849673,359.392156862744,1,0.001,0.0133
3,13,28,583.254841570968,545.997499666379,569.086419753086,583.060185185184,0.2409,0.1393,0.5826
3,14,28,483.411863825739,235.914953991354,179.72244897959,268.146000000002,0,0,0
3,16,28,311028.730858956,NA,311532.402857143,309131.895943563,0,NA,0
3,17,28,34734.4193301816,15894.1605548938,17355.6457142857,22713.5758928571,0,0,0
3,19,28,160692.413804412,221317.103357858,236250.892307692,221560.007211538,0,0,0
3,21,28,12934.2213666146,2702.23662966196,2164.164,2016.5375,0,0,0
3,22,28,57227.3319359729,7975.5643521012,4499.92261904754,4663.7248677248,0.9999,0,0
3,23,28,142980.477773026,NA,34204.8412698408,21124.6137566136,1,NA,0
3,24,28,290012.833538821,57885.6343523996,49027.035185185,58762.921875,0,0,0
3,28,28,3328.12942183459,2880.63539967668,3270.61666666667,2672.8875,0,0,0
3,30,28,21087.0636280905,5182.7442483547,4017.59142857144,3673.5661375661,0,0,0
3,33,28,21290.9110728458,1214.43478219139,1315.63000000001,1268.22016460904,0,0,0
3,34,28,281388.605735686,NA,339256.005952374,393082.065848214,0,NA,0
3,35,28,184035.398718888,51502.8807785766,61279.0535714286,33712.80335097,0,0,0
3,36,28,908.332135684313,399.737539424383,234.9,301.495370370371,0,0,0
3,39,28,414333.034375413,409092.298794928,412618.700854701,419591.311298077,0,0,0
3,40,28,17101.0527186146,5974.50847992658,8079.16975308642,7071.58710562411,0,0,0
3,41,28,1698936.12339657,NA,115367.874635567,93939.7627865959,0,NA,0
3,42,28,1572.16490904512,1427.2774574353,1379.78947368421,2407.29824561404,0.0032,0.003,0.0027
3,44,28,22706.5418227134,31464.1283258021,41121.7444196429,48008.9162257496,0,0,0
3,45,28,1257.28648008925,1265.66720148285,749.223333333332,487.721354166667,0,0,0
3,46,28,345589.238560286,250556.025243181,213063.489316239,212423.326923077,0,0,0
3,47,28,860029.653480063,NA,390869.896825396,399598.052028219,0,NA,0
3,48,28,2932.66407918304,1193.22901530555,1133.33080808081,783.481481481478,0,0,0
3,49,28,1980.99119965144,316.921001466324,286.741538461539,170.395432692308,0,0,0
3,50,28,1.13428759249701,0.839288384459117,0.617647058823529,0.437908496732026,0.3187,0.1589,0.1837
3,51,28,544742.201001992,663268.986488426,643540.409999999,650791.282226562,0,0,0
3,52,28,5876.09294658053,3611.69230748013,3449.77916666667,3002.49791666667,0,0,0
3,53,28,21827.1272090907,18245.8403462353,18676.7346938775,18094.4041666667,0,0,0
3,54,28,11056.4102541011,5227.84796944896,2993.79166666666,5043.20634920634,0,0,0
3,55,28,1285.21966156328,367.405683137687,324.095833333333,350.2625,0,0,0
4,1,28,975606.024306462,939766.893039919,921627.125,740887.035416667,0,0,0
4,2,28,300.45022568773,134.94082704411,224.739583333333,282.489583333333,0.773,0.3488,0.0143
4,3,28,775827.350248754,NA,297771.74074074,246066.204166667,0.0396,NA,0.046
4,5,28,4044940.96337251,NA,3771136.04444445,2767099.92708333,0,NA,1
4,7,28,224193.897809544,NA,15341.3386666668,8442.54895833333,1,NA,0
4,9,28,18403.7295455835,927.540255416235,773.69140625,543.031249999997,1,3e-04,0.0089
4,10,28,293204.789182388,NA,204707.79727891,236269.161458333,0,NA,0
4,11,28,490026.709875814,NA,564212.261538464,419322.491586538,0,NA,0
4,13,28,746.08577580023,680.835009582834,649.579861111111,728.472222222222,0.9753,0.164,0.2505
4,14,28,746.673776485384,322.382815079283,422.783673469387,609.506000000001,0,0,0
4,18,28,31162.7095702988,25223.8939479408,23877.7098214286,33396.2410714286,0,0,0
4,19,28,224469.217239769,330481.632889805,360983.263333333,340010.953125,0,0,0
4,20,28,12459.4756516091,16943.1307129344,15599.2668759812,12807.4007597341,0,0,0
4,22,28,62422.4940331131,14402.7554706099,10920.7880690737,11723.9202279202,0,0,0
4,23,28,380333.732741918,NA,74501.6004273498,44326.3067426399,1,NA,0
4,25,28,51747.2959203755,NA,15305.3247863247,20811.4178537512,0,NA,0
4,26,28,23014.9442456049,21230.3721105956,18535.6542857143,14891.9598214286,0,0,0
4,28,28,7379.29551310693,5904.26890548311,6893.625,4829.9046875,0,0,0
4,31,28,5245.47799432936,4580.77438221326,2470.52380952379,3658.61111111112,0,0,0
4,34,28,5356606.876313,NA,488707.82692307,579168.612980769,1,NA,0
4,35,28,327927.314786859,122904.724198855,141318.297008547,83695.8793922125,0,0,0
4,36,28,1294.7100956626,731.781197948822,351.62847222222,495.325617283948,0,0,0
4,38,28,6562414.30869723,NA,6677589.27111111,6528913.95138889,0,NA,0
4,41,28,3018593.00364193,NA,309389.202511772,245933.948717947,0,NA,0
4,42,28,3630.39100855145,2932.6520444194,2761.56944444444,5123.41358024691,6e-04,7e-04,9e-04
4,44,28,38462.5486405237,60263.7431720058,76414.720565149,92039.6761633426,0,0,0
4,45,28,1059.7831275589,1926.51216079832,1374.42,803.109375,0,0,0
4,47,28,1564882.3789182,NA,732582.260596549,588712.402659071,0,NA,0
4,48,28,2747.69313745163,1936.70280667032,1814.72356215213,1249.00112233446,0,0,0
4,49,28,4039.33905156788,1732.21203659674,599.261538461539,352.902644230769,0,0,0
4,50,28,1.87720033651547,1.0625,0.515625,0.340277777777778,0.0039,0.0078,0.0027
4,51,28,696783.261792982,959106.856553144,1009227.12777778,938254.129166667,0,0,0
4,52,28,12447.2785335162,8212.41713956928,7324.6457142857,4124.23772321429,0,0.4795,0
4,53,28,26208.6657303765,25417.3962794256,29331.0357142857,28465.2779017857,0,0,0
4,54,28,23054.3484189303,9348.41489044987,5725.36324786319,9860.9164292498,0,0,0
4,55,28,3375.21333151327,1099.67166191176,496.040000000002,603.305803571429,0,0,0
1,5,32,584057.448220622,NA,50148.2000000005,54779.9442857157,0,NA,0
1,6,32,2075.07610150955,9475.74767488437,11308.4057142857,10864.6514285713,0,0,0
1,7,32,170.25497162855,205.676261562463,218.27405247813,188.883116883114,0,0,0
1,8,32,3204.71137285245,247.901459718048,362.609375,429.552469135803,1,0,0
1,9,32,161.712600237895,11.6538956517304,15.3522727272727,18.09375,1,0,0
1,10,32,6443.90742210694,NA,7610.13775510204,6537.96875000009,0,NA,0
1,11,32,190909.743032172,280632.926245016,289309.951388889,320140.112222223,0,0,0
1,13,32,247.886756919978,13.4334245833116,32.1750000000003,26.2890625,0,0,0
1,14,32,143.865201077352,104.304915494137,103.106122448984,83.2644628099172,0,0,0
1,15,32,1212610.76282695,303.246513714467,536.346938775557,885.900826446281,1,0,0
1,16,32,7061201.4849787,350.418427109328,408.058956916072,436.587777777792,1,0,0
1,17,32,988.039840105826,1228.42562559186,1377.725,1353.9272727273,0,0,0
1,18,32,6558.22238101244,2922.34329362393,3180.11458333335,2577.68209876544,0,0,0
1,19,32,74246.1552350717,110493.800000004,96480.2125,101790.83,0,0,0
1,20,32,893.363852608676,235.892198775758,329.734375,155.377066115701,1,0,0
1,22,32,468.007988024694,199.624292240159,136.095982142857,106.297520661151,0,0,0
1,24,32,1445.0070109861,526.814728606459,1599.62500000006,3063.96450617287,0,0,0
1,27,32,4433.14122507657,2427.78039842129,6515.2734375,9904.56790123466,0,0,0
1,29,32,961.553903465836,8763.78550388235,9358.05555555557,10941.5466666666,0,0,0
1,30,32,224.710738321698,258.086757089221,180.973958333333,172.258034894402,0,0,0
1,31,32,28.820587332185,23.5058896016923,25.3194444444438,26.0805785123964,0,0,0
1,33,32,95015.8669846046,15.2775702132331,35.0489795918369,24.8842975206629,1,0,0
1,34,32,817829963.872107,NA,273696.024943306,274227.508916319,1,NA,0
1,36,32,601.000824054151,5.556662035951,8.33333333333344,7.82999999999996,1,0,0
1,39,32,560087.012669798,558609.215204183,562143.95625,558600.55,0,0,0
1,40,32,97.5787549771154,833.99894123772,892.688775510205,998.417499999998,0,0,0
1,42,32,166.674423297631,159.8125,151.421875,244.201388888891,0,0,0
1,43,32,1830.07304678317,325.214093135312,107.676870748297,70.6763085399482,0,0,0
1,44,32,3912.42524598201,817.989982605264,567.263888888889,634.045555555582,0,0,0
1,45,32,213.433033084197,89.9174844523415,45.4200000000007,26.3825000000014,0,0,0
1,46,32,15781.3841843281,14378.2589946478,15424.4591836733,15238.3688271604,0,0,0
1,49,32,26.751391358253,6.9429537956106,10.0280612244897,8.89351851851846,0,0,0
1,50,32,0.353448242043307,0.27214285714286,0.232142857142857,0.222222222222223,3e-04,0.2227,3e-04
1,52,32,1407.99945967376,842.770242597311,1269.30555555556,1835.01508916326,0,0,0
1,53,32,86362.5757647538,5869.48451491748,5774.85714285713,5665.53443526171,1,0,0
1,54,32,1325.8468902727,826.017480012814,570.515999999994,655.275308641989,0,0,0
1,55,32,14.6278374962692,9.09208557522211,6.51041666666654,9.49845679012329,0,0,0
2,1,32,7860.18865994981,2348.55154966241,1531.46000000002,1608.22374999999,0,0,0
2,2,32,123.078345511716,107.975719116208,165.684027777777,165.888888888888,0,0,0
2,3,32,19562.8947538172,NA,2485.44000000004,3123.69875000022,0,NA,0
2,4,32,9251.26586728678,10038.8023462549,8789.03611111106,9557.6890625,0,0,0
2,5,32,49381.6372431586,NA,144626.240000002,121592.65714286,0,NA,0
2,6,32,11298.7335558392,12321.9327943038,12709.7317784258,13677.1371428571,0,0,0
2,8,32,1250.24265345624,282.272937742818,896.175,1008.79320987655,0,0,0
2,9,32,61.6683131642297,35.7403095380959,37.5324675324668,67.9474431818182,0,0,0
2,10,32,29478.6587418809,NA,31032.1454081636,26484.6687500001,0,NA,1
2,11,32,258909.041712409,318597.848977417,324894.001736111,352849.734444445,0,0,0
2,13,32,124.660300387046,16.9699664889811,68.6950000000003,45.84375,0,0,0
2,14,32,167.196360426734,128.256803890128,177.675,159.846280991735,0,0,0
2,15,32,4935.85487321413,NA,2062.56122448987,4381.64600550962,0,NA,0
2,16,32,42277.1563237727,NA,2204.79320987644,1847.60444444453,0,NA,0
2,18,32,5562.79139539563,5651.48996063344,5518.4201388889,5287.58641975308,0,0,0
2,19,32,186550.235534185,220951.853384828,221357.672222222,234584.092,0,0,0
2,20,32,1441.45855805827,592.252843128336,635.550925925941,496.877066115704,0,0,0
2,21,32,376.717328320682,59.6230819154825,92.8133333333322,126.516666666665,0,0,0
2,22,32,9900.95792895685,242.740385724105,45.4761904761895,62.5678866587934,0,0,0
2,23,32,8989.57296276923,10292.8223692834,7309.88775510201,10007.5309917357,0,0,0
2,24,32,5734.03868508199,1437.5549358341,7716.38541666682,15500.2932098767,0,0,0
2,25,32,11194.7666900094,NA,5897.52777777778,5352.19777777779,0,NA,0
2,26,32,313.798394566286,238.095780527614,155.534693877557,129.171900826448,0,0,0
2,27,32,9120.63761544573,4932.27418481989,8147.7578125,8880.42901234575,0,0,0
2,30,32,381.031856970645,327.710747601643,190.817901234567,165.686868686865,0,0,0
2,39,32,563648.895071806,768382.960376469,624156.365625,590908.07,0,0,0
2,41,32,215329.282487826,NA,18007.3487654325,18175.2644444445,0,NA,0
2,42,32,711.415988648488,679.6875,730.96875,1084.69444444445,0.0097,0.009,0.0184
2,43,32,394.039678007812,520.752347716229,280.818930041143,204.495867768595,0,0,0
2,44,32,5848.6459115176,3024.74409060165,2862.4938271604,2906.09777777783,0,0,0
2,45,32,660.099760976404,364.637076811274,186.877551020406,116.952500000004,0,0,0
2,47,32,151488.72976862,NA,127403.597222222,81105.7466666651,0,NA,0
2,48,32,2922.56076746414,571.272674722508,415.000000000001,309.716666666666,0,0,0
2,49,32,58.315240028803,3.16742766203761,43.0000000000001,13.9444444444444,0,0,0
2,50,32,0.610563136846533,0.5,0.410714285714286,0.38888888888889,0.0469,0.0156,0.1022
2,51,32,1923918.21506778,231142.95602622,184303.298611111,168995.765432098,0,0,0
2,53,32,20060.257090654,12053.2410631716,11260.4013605442,11003.9573002756,0,0,0
2,54,32,2740.65657266445,2243.00575901325,1671.1888888889,1928.03950617285,0,0,0
2,55,32,89.8833963430765,25.8964008643854,19.5200000000004,24.6867283950611,0,0,0
3,2,32,289.024503295554,95.2001739117952,252.764444444445,261.135416666667,0,0,0
3,3,32,67307.6782929239,NA,17688.0899999999,35601.26953125,0,NA,0
3,5,32,589606.23698601,NA,631443.966666668,576525.606770833,0,NA,0
3,6,32,10594.33604482,8314.17897115836,8730.85416666667,11494.87890625,0,0,0
3,8,32,9241.42635782166,2434.7997112219,1706.4172335601,1833.94444444444,5e-04,0,0
3,9,32,6203.61211282077,316.133384208464,482.1875,335.54487179487,1,0.8982,0
3,10,32,102449.090774081,NA,75215.3495370363,53220.46484375,0,NA,0
3,11,32,315003.137550926,NA,406749.28611111,444602.9625,0,NA,0
3,13,32,796.207881913424,656.138369468684,665.706349206349,667.738095238095,0.0361,0,0.0547
3,14,32,483.237552608299,183.541978751727,187.707482993198,211.175,0,0,0
3,15,32,12052.3724347158,NA,7368.78009259278,11958.2578125,0,NA,0
3,16,32,1523967.97400817,NA,5236.19199999997,4038.84197530858,1,NA,0
3,17,32,4809.19080710036,4685.84517067574,3089,4498.678125,0,0,0
3,18,32,34735.6191037601,19252.9151963084,16378.9745454546,16436.0596590909,0,0,0
3,20,32,3442.43285593002,2211.46255347169,1730.24722222226,1322.94444444446,0,0,0
3,21,32,3970.91833698956,238.127776150344,409.573333333333,430.161458333333,0,0,0
3,22,32,2977.30215426969,1530.93788711797,2180.69722222216,1283.90987654318,0,0,0
3,23,32,18953.266055039,NA,35557.3499999995,22768.8802469133,0,NA,0
3,26,32,5034.99825275569,5080.32018241081,5351.01454545456,4363.93607954545,0,0,0
3,27,32,25694.3626584847,11612.3998025528,14058.8533333332,20237.04296875,0,0,0
3,28,32,433.722424665939,481.328961866334,661.240740740738,791.388020833333,0,0,0
3,31,32,839.165435286052,239.75247552222,240.187755102042,287.941999999997,0,0,0
3,32,32,97664.392319892,NA,11104.1722222221,7749.30864197554,0,NA,0
3,33,32,1064.35355332769,830.37636527099,846.660000000008,1086.57870370369,0,0,0
3,34,32,1335036.00299558,NA,315214.516000004,372905.6640625,1,NA,0
3,35,32,11824.3633907288,9357.29904667248,12329.6877551018,14888.9086419753,0,0,0
3,36,32,212.802220023227,79.5842320586104,76.8599999999974,67.6604938271611,0,0,0
3,38,32,3194730.79351149,3931105.59212403,3941479.9125,4318936.590625,1,0,0
3,41,32,345796.338349576,NA,22112.2265306119,30134.85308642,0,NA,0
3,42,32,1572.49260500804,1532.16933666216,1636.98333333333,2363.16296296297,0.0043,0.0047,0.0023
3,44,32,13038.5366576789,15016.2839804272,12074.536111111,18155.3197530864,0,0,0
3,45,32,1240.84858253313,1689.80830212325,392.093749999995,280.560546875,0,0,0
3,46,32,51911.3121964191,NA,50959.6258503398,41120.6892361111,0,NA,0
3,49,32,161.744248581712,11.6666666666666,113.515555555556,40.8680555555556,0,0,0
3,50,32,1.18010076888717,0.866761733523482,0.576923076923077,0.427350427350428,0.4065,0.1156,0.1711
3,51,32,809836.439718288,834368.203956038,852366.099999999,862208.12109375,0,0,0
3,52,32,4719.16349489642,3101.31385547874,2795.14204545455,1945.34659090909,0,0,0
3,53,32,21369.0474051369,20896.9218905827,20711.1414141414,20627.0440340909,0,0,0
3,54,32,5138.92585269273,4339.29168448975,3126.5138888889,3630.43703703703,0,0,0
3,55,32,614.509669177326,239.462637863392,337.494949494949,171.235795454545,0,0,0
4,1,32,1372163.16030578,717860.191721886,549009.994318182,296575.778409091,0,0,0
4,2,32,392.289013971529,136.344859442796,285.4296875,356.564453125,0,0,0.1072
4,3,32,140524.316629101,NA,21883.2102272727,88243.4559659091,0,NA,0
4,4,32,53402.6198381935,55380.9615163289,43436.7891156462,40732.2118055556,0,0,0
4,6,32,12320.3341336102,NA,8544.28282828286,13226.4943181818,0,NA,0
4,7,32,6378.7983794985,6054.34343324862,6154.47272727277,3946.17613636364,0,0,0
4,8,32,10429.0749306913,3075.85224159562,2294.92743764172,2375.10763888889,0,0,0
4,9,32,12528.993138598,880.318025919182,864.041666666667,586.916666666663,1,0.0304,0.3082
4,10,32,290272.808729792,NA,132903.348794062,107768.617897727,0,NA,0
4,11,32,426065.930053484,NA,466524.006172839,531369.130208333,0,NA,0
4,13,32,1030.57442266422,807.377009918468,731.383928571429,817.52380952381,0.6581,0.3591,0.2952
4,14,32,641.927154816378,227.967487845392,209.259259259261,295.593333333329,0,0,0
4,17,32,8805.8033479613,7123.54358117342,5846.19200000004,7672.9734375,0,0,0
4,18,32,38892.0038314109,28429.764355863,25245.7320000001,35322.64375,0,0,0
4,19,32,334580.387858853,436818.930366198,352923.024999999,379007.0078125,0,0,0
4,20,32,7149.65346567186,4152.32151580032,3886.76870748303,2328.77777777788,0,0,0
4,21,32,2519.78677689463,220.339927567345,528.080000000001,583.830729166667,0,0,0
4,23,32,37307.2065253594,NA,35891.8765432094,54649.8504801096,0,NA,0
4,24,32,92655.9464748238,NA,43093.13125,54401.80625,0,NA,0
4,25,32,65814.2760132123,NA,10350.664399093,8343.41426611798,0,NA,0
4,26,32,8797.6511354074,7849.46547142499,8117.69600000005,5955.521875,0,0,0
4,27,32,48720.7994151058,17916.6082974721,17142.8796296296,13809.1687242799,0,0,0
4,28,32,2070.27873371699,1865.94174301597,2047.72,2367.92708333333,0,0,0
4,29,32,10247.7438558044,10723.3550424362,7666.90222222221,8650.66666666667,0,0,0
4,31,32,1048.09127355066,284.749192561925,331.184375,333.376000000002,0,0,0
4,32,32,50300.4626547244,NA,21441.8549382715,12991.4787379972,0,NA,0
4,33,32,2948.53452398313,1543.08647488133,2217.5173611111,2130.10185185184,0,0,0
4,36,32,71.1200397070468,94.6555303229977,99.7361111111093,97.1512345679018,0,0,0
4,38,32,9089520.56068099,NA,4334164.34444445,4429451.41875,1,NA,0
4,41,32,496281.685782686,NA,31593.8707482994,47573.5637860083,0,NA,0
4,42,32,2926.94669703026,2772.90584195422,3094.17857142857,4413.3253968254,0.0019,0.0013,0.0011
4,43,32,3771.32342898323,3541.39984650209,2773.35802469137,2420.79012345678,0,0,0
4,44,32,10620.5975042931,21556.6524996401,25327.5308641973,37661.2853223592,0,0,0
4,45,32,1080.09938562721,2495.05521244949,855.400000000006,577.48046875,0,0,0
4,47,32,1650451.57522888,NA,846233.888888891,633421.561042528,0,NA,0
4,48,32,1653.10761626557,1360.53835185733,1434.79761904761,1213.67019400353,0,0,1
4,49,32,401.333361540201,32.7777777777777,222.24,88.5503472222222,0,0,0
4,50,32,1.71987097025531,1,0.479166666666667,0.314814814814816,4e-04,1e-04,0.002
4,51,32,1239243.03624613,1169692.75579604,1282326.03525046,1260430.65625,0,0,0
4,53,32,28840.9510623226,29126.1008943407,29077.3527777777,30190.15625,0,0,0
4,54,32,8462.56671324975,5077.53404995653,4063.81172839503,4489.28395061734,0,0,0
4,55,32,1788.23431550611,548.35720368146,377.856000000002,429.4734375,0,0,0
